timestamp,git_commit,component,metric,value,split,notes
2026-07-17T06:34:51,594aecc,yolo_plate_detector,map50,0.9664,test,[history] best.pt (Plate_v4)
2026-07-17T06:34:51,594aecc,yolo_number_detector,map50,0.943,test,[history] number_best.pt
2026-07-17T06:34:51,594aecc,province_classifier,accuracy,0.9718,test,[history] ResNet18 26-class
2026-07-17T06:34:51,594aecc,crnn,cer,0.9489,real-test,[history] synthetic-only baseline
2026-07-17T06:34:51,594aecc,crnn,cer,0.2593,real-test,[history] fine-tuned on 143 real
2026-07-17T06:34:51,594aecc,crnn,cer,0.2032,real-test,[history] fine-tuned on 324 real
2026-07-17T06:34:51,594aecc,crnn,cer,0.1021,real-test,[history] fine-tuned on 473 real (SRS target met)
2026-07-17T06:34:51,594aecc,crnn,word_accuracy,0.7248,real-test,[history] fine-tuned on 473 real
2026-07-17T06:34:51,594aecc,pipeline,number_e2e_accuracy,0.706,real-test,"[history] two-detector, 101/143 (recorded)"
2026-07-17T06:34:51,594aecc,pipeline,latency_ms,51.0,real,[history] two-detector avg (~19.6 FPS)
2026-07-17T06:35:05,594aecc,pipeline,number_e2e_accuracy,0.6779,real-test,benchmark_composed.py (n=149)
2026-07-17T06:35:05,594aecc,pipeline,number_cer,0.1515,real-test,benchmark_composed.py (n=149)
2026-07-17T06:35:05,594aecc,pipeline,detection_rate,0.9597,real-test,benchmark_composed.py (n=149)
2026-07-17T06:35:05,594aecc,pipeline,false_accept_rate,0.0,real-test,neighbour harness
2026-07-17T06:35:05,594aecc,pipeline,consistency_flag_precision,0.4545,real-test,"2.2, 22 flagged"
2026-07-17T06:46:07,9d6a872,best,onnx_parity_max_abs_diff,0.00e+00,export,3.1 -> best.onnx
2026-07-17T06:46:08,9d6a872,number_best,onnx_parity_max_abs_diff,0.00e+00,export,3.1 -> number_best.onnx
2026-07-17T06:46:11,9d6a872,province_classifier,onnx_parity_max_abs_diff,1.19e-06,export,3.1 -> province_classifier.onnx
2026-07-17T06:47:28,9d6a872,crnn,onnx_parity_max_abs_diff,1.14e-05,export,3.1 -> crnn_finetuned.onnx
2026-07-17T06:47:55,9d6a872,pipeline,number_e2e_accuracy,0.6779,real-test,benchmark_composed.py (n=149)
2026-07-17T06:47:55,9d6a872,pipeline,number_cer,0.1515,real-test,benchmark_composed.py (n=149)
2026-07-17T06:47:55,9d6a872,pipeline,detection_rate,0.9597,real-test,benchmark_composed.py (n=149)
2026-07-17T06:47:55,9d6a872,pipeline,false_accept_rate,0.0,real-test,neighbour harness
2026-07-17T06:47:55,9d6a872,pipeline,consistency_flag_precision,0.4545,real-test,"2.2, 22 flagged"
2026-07-17T07:33:04,9d6a872,pipeline,number_e2e_accuracy,0.6779,real-test,benchmark_composed.py (n=149)
2026-07-17T07:33:04,9d6a872,pipeline,number_cer,0.1515,real-test,benchmark_composed.py (n=149)
2026-07-17T07:33:04,9d6a872,pipeline,detection_rate,0.9597,real-test,benchmark_composed.py (n=149)
2026-07-17T07:33:04,9d6a872,pipeline,false_accept_rate,0.0,real-test,neighbour harness
2026-07-17T07:33:04,9d6a872,pipeline,consistency_flag_precision,0.4545,real-test,"2.2, 22 flagged"
2026-07-17T08:52:18,9d6a872,pipeline,number_e2e_accuracy,0.85,real-test,benchmark_composed.py (n=40)
2026-07-17T08:52:18,9d6a872,pipeline,number_cer,0.0669,real-test,benchmark_composed.py (n=40)
2026-07-17T08:52:18,9d6a872,pipeline,detection_rate,0.975,real-test,benchmark_composed.py (n=40)
2026-07-17T08:52:18,9d6a872,pipeline,false_accept_rate,0.0,real-test,neighbour harness
2026-07-17T08:52:18,9d6a872,pipeline,consistency_flag_precision,0.2,real-test,"2.2, 10 flagged"
2026-07-22T17:28:18,dd108fc,pipeline,number_e2e_accuracy,0.6779,real-test,benchmark_composed.py (n=149)
2026-07-22T17:28:18,dd108fc,pipeline,number_cer,0.1515,real-test,benchmark_composed.py (n=149)
2026-07-22T17:28:18,dd108fc,pipeline,detection_rate,0.9597,real-test,benchmark_composed.py (n=149)
2026-07-22T17:28:18,dd108fc,pipeline,false_accept_rate,0.0,real-test,neighbour harness
2026-07-22T17:28:18,dd108fc,pipeline,consistency_flag_precision,0.4545,real-test,"2.2, 22 flagged"
2026-07-22T17:30:10,dd108fc,pipeline,number_e2e_accuracy,0.6779,real-test,benchmark_composed.py (n=149)
2026-07-22T17:30:10,dd108fc,pipeline,number_cer,0.1515,real-test,benchmark_composed.py (n=149)
2026-07-22T17:30:11,dd108fc,pipeline,detection_rate,0.9597,real-test,benchmark_composed.py (n=149)
2026-07-22T17:30:11,dd108fc,pipeline,composed_exact_match,0.6871,real-test,"measured on 147 frames, 2 unverifiable excluded"
2026-07-22T17:30:11,dd108fc,pipeline,province_accuracy,0.9524,real-test,"measured, n=147"
2026-07-22T17:30:11,dd108fc,pipeline,false_accept_rate,0.0,real-test,neighbour harness
2026-07-22T17:30:11,dd108fc,pipeline,consistency_flag_precision,0.4545,real-test,"2.2, 22 flagged"
2026-07-23T10:27:28,e9f2149,pipeline,number_e2e_accuracy,0.6779,real-test,"benchmark_composed.py (n=149), format_validation=on"
2026-07-23T10:27:28,e9f2149,pipeline,number_cer,0.1515,real-test,"benchmark_composed.py (n=149), format_validation=on"
2026-07-23T10:27:28,e9f2149,pipeline,detection_rate,0.9597,real-test,"benchmark_composed.py (n=149), format_validation=on"
2026-07-23T10:27:28,e9f2149,pipeline,composed_exact_match,0.6871,real-test,"measured on 147 frames, 2 unverifiable excluded"
2026-07-23T10:27:28,e9f2149,pipeline,province_accuracy,0.9524,real-test,"measured, n=147"
2026-07-23T10:27:28,e9f2149,pipeline,false_accept_rate,0.0,real-test,neighbour harness
2026-07-23T10:27:28,e9f2149,pipeline,consistency_flag_precision,0.4545,real-test,"2.2, 22 flagged"
2026-07-23T10:31:27,e9f2149,pipeline,number_e2e_accuracy,0.6779,real-test,"benchmark_composed.py (n=149), format_validation=on"
2026-07-23T10:31:27,e9f2149,pipeline,number_cer,0.1515,real-test,"benchmark_composed.py (n=149), format_validation=on"
2026-07-23T10:31:27,e9f2149,pipeline,detection_rate,0.9597,real-test,"benchmark_composed.py (n=149), format_validation=on"
2026-07-23T10:31:27,e9f2149,pipeline,composed_exact_match,0.6871,real-test,"measured on 147 frames, 2 unverifiable excluded"
2026-07-23T10:31:27,e9f2149,pipeline,province_accuracy,0.9524,real-test,"measured, n=147"
2026-07-23T10:31:27,e9f2149,pipeline,false_accept_rate,0.0,real-test,neighbour harness
2026-07-23T10:31:27,e9f2149,pipeline,consistency_flag_precision,0.4545,real-test,"2.2, 22 flagged"
2026-07-23T10:33:59,e9f2149,pipeline,number_e2e_accuracy,0.6779,real-test,benchmark_composed.py (n=149)
2026-07-23T10:33:59,e9f2149,pipeline,number_cer,0.1515,real-test,benchmark_composed.py (n=149)
2026-07-23T10:33:59,e9f2149,pipeline,detection_rate,0.9597,real-test,benchmark_composed.py (n=149)
2026-07-23T10:33:59,e9f2149,pipeline,composed_exact_match,0.6871,real-test,"measured on 147 frames, 2 unverifiable excluded"
2026-07-23T10:33:59,e9f2149,pipeline,province_accuracy,0.9524,real-test,"measured, n=147"
2026-07-23T10:33:59,e9f2149,pipeline,false_accept_rate,0.0,real-test,neighbour harness
2026-07-23T10:33:59,e9f2149,pipeline,consistency_flag_precision,0.4545,real-test,"2.2, 22 flagged"
2026-07-23T10:53:48,e9f2149,pipeline,number_e2e_accuracy,0.6779,real-test,benchmark_composed.py (n=149)
2026-07-23T10:53:48,e9f2149,pipeline,number_cer,0.1515,real-test,benchmark_composed.py (n=149)
2026-07-23T10:53:48,e9f2149,pipeline,detection_rate,0.9597,real-test,benchmark_composed.py (n=149)
2026-07-23T10:53:48,e9f2149,pipeline,composed_exact_match,0.6871,real-test,"measured on 147 frames, 2 unverifiable excluded"
2026-07-23T10:53:48,e9f2149,pipeline,province_accuracy,0.9524,real-test,"measured, n=147"
2026-07-23T10:53:48,e9f2149,pipeline,false_accept_rate,0.0,real-test,neighbour harness
2026-07-23T10:53:48,e9f2149,pipeline,consistency_flag_precision,0.4545,real-test,"2.2, 22 flagged"
2026-07-23T10:54:01,e9f2149,pipeline,number_e2e_accuracy,0.6779,real-test,benchmark_composed.py (n=149)
2026-07-23T10:54:01,e9f2149,pipeline,number_cer,0.1515,real-test,benchmark_composed.py (n=149)
2026-07-23T10:54:01,e9f2149,pipeline,detection_rate,0.9597,real-test,benchmark_composed.py (n=149)
2026-07-23T10:54:01,e9f2149,pipeline,composed_exact_match,0.6871,real-test,"measured on 147 frames, 2 unverifiable excluded"
2026-07-23T10:54:01,e9f2149,pipeline,province_accuracy,0.9524,real-test,"measured, n=147"
2026-07-23T10:54:01,e9f2149,pipeline,false_accept_rate,0.0,real-test,neighbour harness
2026-07-23T10:54:01,e9f2149,pipeline,consistency_flag_precision,0.4545,real-test,"2.2, 22 flagged"
2026-07-23T10:54:16,e9f2149,pipeline,number_e2e_accuracy,0.6779,real-test,benchmark_composed.py (n=149)
2026-07-23T10:54:16,e9f2149,pipeline,number_cer,0.1515,real-test,benchmark_composed.py (n=149)
2026-07-23T10:54:16,e9f2149,pipeline,detection_rate,0.9597,real-test,benchmark_composed.py (n=149)
2026-07-23T10:54:16,e9f2149,pipeline,composed_exact_match,0.6871,real-test,"measured on 147 frames, 2 unverifiable excluded"
2026-07-23T10:54:16,e9f2149,pipeline,province_accuracy,0.9524,real-test,"measured, n=147"
2026-07-23T10:54:16,e9f2149,pipeline,false_accept_rate,0.0,real-test,neighbour harness
2026-07-23T10:54:16,e9f2149,pipeline,consistency_flag_precision,0.4545,real-test,"2.2, 22 flagged"
2026-07-23T10:55:50,e9f2149,pipeline,number_e2e_accuracy,0.6779,real-test,"benchmark_composed.py (n=149), format_validation=off"
2026-07-23T10:55:50,e9f2149,pipeline,number_cer,0.1515,real-test,"benchmark_composed.py (n=149), format_validation=off"
2026-07-23T10:55:50,e9f2149,pipeline,detection_rate,0.9597,real-test,"benchmark_composed.py (n=149), format_validation=off"
2026-07-23T10:55:50,e9f2149,pipeline,composed_exact_match,0.6871,real-test,"measured on 147 frames, 2 unverifiable excluded"
2026-07-23T10:55:50,e9f2149,pipeline,province_accuracy,0.9524,real-test,"measured, n=147"
2026-07-23T10:55:50,e9f2149,pipeline,false_accept_rate,0.0,real-test,neighbour harness
2026-07-23T10:55:50,e9f2149,pipeline,consistency_flag_precision,0.4545,real-test,"2.2, 22 flagged"
2026-07-23T10:56:02,e9f2149,pipeline,number_e2e_accuracy,0.6779,real-test,"benchmark_composed.py (n=149), format_validation=off"
2026-07-23T10:56:02,e9f2149,pipeline,number_cer,0.1515,real-test,"benchmark_composed.py (n=149), format_validation=off"
2026-07-23T10:56:02,e9f2149,pipeline,detection_rate,0.9597,real-test,"benchmark_composed.py (n=149), format_validation=off"
2026-07-23T10:56:02,e9f2149,pipeline,composed_exact_match,0.6871,real-test,"measured on 147 frames, 2 unverifiable excluded"
2026-07-23T10:56:02,e9f2149,pipeline,province_accuracy,0.9524,real-test,"measured, n=147"
2026-07-23T10:56:02,e9f2149,pipeline,false_accept_rate,0.0,real-test,neighbour harness
2026-07-23T10:56:02,e9f2149,pipeline,consistency_flag_precision,0.4545,real-test,"2.2, 22 flagged"
2026-07-23T10:56:14,e9f2149,pipeline,number_e2e_accuracy,0.6779,real-test,"benchmark_composed.py (n=149), format_validation=off"
2026-07-23T10:56:14,e9f2149,pipeline,number_cer,0.1515,real-test,"benchmark_composed.py (n=149), format_validation=off"
2026-07-23T10:56:14,e9f2149,pipeline,detection_rate,0.9597,real-test,"benchmark_composed.py (n=149), format_validation=off"
2026-07-23T10:56:14,e9f2149,pipeline,composed_exact_match,0.6871,real-test,"measured on 147 frames, 2 unverifiable excluded"
2026-07-23T10:56:14,e9f2149,pipeline,province_accuracy,0.9524,real-test,"measured, n=147"
2026-07-23T10:56:14,e9f2149,pipeline,false_accept_rate,0.0,real-test,neighbour harness
2026-07-23T10:56:14,e9f2149,pipeline,consistency_flag_precision,0.4545,real-test,"2.2, 22 flagged"
2026-07-23T10:58:09,e9f2149,crnn,confidence_auc_mean,0.8455,real-test,"PLAN_V2 Phase 2, format_validation=on, SE 0.032"
2026-07-23T10:58:09,e9f2149,crnn,confidence_auc_min,0.8471,real-test,"Phase 2: min hypothesis REFUTED - 0.7930 without format validation, WORSE than mean 0.8191"
2026-07-23T10:58:09,e9f2149,crnn,confidence_auc_geometric,0.8545,real-test,"Phase 2: +0.009 vs mean = 0.25 SE, not significant; default stays mean"
2026-07-23T10:58:33,e9f2149,pipeline,number_e2e_accuracy,0.6779,real-test,benchmark_composed.py (n=149)
2026-07-23T10:58:33,e9f2149,pipeline,number_cer,0.1515,real-test,benchmark_composed.py (n=149)
2026-07-23T10:58:33,e9f2149,pipeline,detection_rate,0.9597,real-test,benchmark_composed.py (n=149)
2026-07-23T10:58:33,e9f2149,pipeline,composed_exact_match,0.6871,real-test,"measured on 147 frames, 2 unverifiable excluded"
2026-07-23T10:58:34,e9f2149,pipeline,province_accuracy,0.9524,real-test,"measured, n=147"
2026-07-23T10:58:34,e9f2149,pipeline,false_accept_rate,0.0,real-test,neighbour harness
2026-07-23T10:58:34,e9f2149,pipeline,consistency_flag_precision,0.4545,real-test,"2.2, 22 flagged"
2026-07-23T11:11:03,dcdaf4f,pipeline,visit_accuracy_best_conf,0.7571,visits,"PLAN_V2 Phase 3, 140 visits/6 plates, macro 0.6156"
2026-07-23T11:11:03,dcdaf4f,pipeline,visit_accuracy_char_vote,0.7357,visits,Phase 3: fusion is WORSE than best_conf; macro 0.5625
2026-07-23T11:11:04,dcdaf4f,pipeline,visit_oracle_ceiling,0.7786,visits,Phase 3: 109/140 visits have >=1 correct frame; best_conf already at 97% of this ceiling
2026-07-23T13:34:37,57937e9,pipeline,number_e2e_accuracy,0.6644,real-test,benchmark_composed.py (n=149)
2026-07-23T13:34:37,57937e9,pipeline,number_cer,0.1484,real-test,benchmark_composed.py (n=149)
2026-07-23T13:34:37,57937e9,pipeline,detection_rate,0.9597,real-test,benchmark_composed.py (n=149)
2026-07-23T13:34:37,57937e9,pipeline,composed_exact_match,0.6735,real-test,"measured on 147 frames, 2 unverifiable excluded"
2026-07-23T13:34:37,57937e9,pipeline,province_accuracy,0.9524,real-test,"measured, n=147"
2026-07-23T13:34:37,57937e9,pipeline,false_accept_rate,0.0,real-test,neighbour harness
2026-07-23T13:34:37,57937e9,pipeline,consistency_flag_precision,0.4545,real-test,"2.2, 22 flagged"
2026-07-23T13:34:58,57937e9,crnn,cer,0.1011,real-test,"PLAN_V2 Phase 5 candidate (521 labels, +48); deployed=0.1021 - no significant change"
2026-07-23T13:34:58,57937e9,crnn,word_accuracy,0.7047,real-test,Phase 5 candidate REGRESSED vs deployed 0.7248 - NOT shipped
2026-07-23T13:34:58,57937e9,pipeline,composed_exact_match,0.6735,real-test,Phase 5 candidate weights; deployed=0.6871 - candidate NOT shipped
2026-07-23T13:36:07,57937e9,pipeline,number_e2e_accuracy,0.6779,real-test,benchmark_composed.py (n=149)
2026-07-23T13:36:07,57937e9,pipeline,number_cer,0.1515,real-test,benchmark_composed.py (n=149)
2026-07-23T13:36:07,57937e9,pipeline,detection_rate,0.9597,real-test,benchmark_composed.py (n=149)
2026-07-23T13:36:07,57937e9,pipeline,composed_exact_match,0.6871,real-test,"measured on 147 frames, 2 unverifiable excluded"
2026-07-23T13:36:07,57937e9,pipeline,province_accuracy,0.9524,real-test,"measured, n=147"
2026-07-23T13:36:07,57937e9,pipeline,false_accept_rate,0.0,real-test,neighbour harness
2026-07-23T13:36:07,57937e9,pipeline,consistency_flag_precision,0.4545,real-test,"2.2, 22 flagged"
2026-07-23T13:41:49,57937e9,pipeline,number_e2e_accuracy,0.6779,real-test,benchmark_composed.py (n=149)
2026-07-23T13:41:49,57937e9,pipeline,number_cer,0.1515,real-test,benchmark_composed.py (n=149)
2026-07-23T13:41:49,57937e9,pipeline,detection_rate,0.9597,real-test,benchmark_composed.py (n=149)
2026-07-23T13:41:49,57937e9,pipeline,composed_exact_match,0.6871,real-test,"measured on 147 frames, 2 unverifiable excluded"
2026-07-23T13:41:49,57937e9,pipeline,province_accuracy,0.9524,real-test,"measured, n=147"
2026-07-23T13:41:49,57937e9,pipeline,false_accept_rate,0.0,real-test,neighbour harness
2026-07-23T13:41:49,57937e9,pipeline,consistency_flag_precision,0.4545,real-test,"2.2, 22 flagged"
2026-07-23T13:45:01,57937e9,pipeline,number_e2e_accuracy,0.6779,real-test,benchmark_composed.py (n=149)
2026-07-23T13:45:01,57937e9,pipeline,number_cer,0.1515,real-test,benchmark_composed.py (n=149)
2026-07-23T13:45:01,57937e9,pipeline,detection_rate,0.9597,real-test,benchmark_composed.py (n=149)
2026-07-23T13:45:01,57937e9,pipeline,composed_exact_match,0.6871,real-test,"measured on 147 frames, 2 unverifiable excluded"
2026-07-23T13:45:01,57937e9,pipeline,province_accuracy,0.9524,real-test,"measured, n=147"
2026-07-23T13:45:01,57937e9,pipeline,false_accept_rate,0.0,real-test,neighbour harness
2026-07-23T13:45:01,57937e9,pipeline,consistency_flag_precision,0.0,real-test,"2.2, 0 flagged"
2026-07-23T13:45:27,57937e9,gate,consistency_flag_lift,0.98,real-test,PLAN_V2 6.4: 2.2 precision 14.3% vs 14.5% base rate = no predictive value; disabled
2026-07-23T13:45:27,57937e9,gate,consistency_flag_precision_confident,0.143,real-test,2 of 14 CONFIDENT flags; the 45.45% figure counted low-conf reads where 2.2 does not decide
2026-07-23T13:46:32,57937e9,pipeline,number_e2e_accuracy,0.6779,real-test,benchmark_composed.py (n=149)
2026-07-23T13:46:32,57937e9,pipeline,number_cer,0.1515,real-test,benchmark_composed.py (n=149)
2026-07-23T13:46:32,57937e9,pipeline,detection_rate,0.9597,real-test,benchmark_composed.py (n=149)
2026-07-23T13:46:32,57937e9,pipeline,composed_exact_match,0.6871,real-test,"measured on 147 frames, 2 unverifiable excluded"
2026-07-23T13:46:32,57937e9,pipeline,province_accuracy,0.9524,real-test,"measured, n=147"
2026-07-23T13:46:32,57937e9,pipeline,false_accept_rate,0.0,real-test,neighbour harness
2026-07-23T13:46:32,57937e9,pipeline,consistency_flag_precision,0.0,real-test,"2.2, 0 flagged"
2026-07-24T12:11:40,57937e9,crnn,train_labels,679,train,"PLAN_V2 harvest campaign: 5 batches, 473->679 (+206, +43.6%); fine-tune crnn_ft_phase5b pending"
2026-08-05T11:09:47,57937e9,pipeline,number_e2e_accuracy,0.7651,real-test,benchmark_composed.py (n=149)
2026-08-05T11:09:47,57937e9,pipeline,number_cer,0.1013,real-test,benchmark_composed.py (n=149)
2026-08-05T11:09:47,57937e9,pipeline,detection_rate,0.9597,real-test,benchmark_composed.py (n=149)
2026-08-05T11:09:47,57937e9,pipeline,composed_exact_match,0.7755,real-test,"measured on 147 frames, 2 unverifiable excluded"
2026-08-05T11:09:47,57937e9,pipeline,province_accuracy,0.9524,real-test,"measured, n=147"
2026-08-05T11:09:47,57937e9,pipeline,false_accept_rate,0.0,real-test,neighbour harness
2026-08-05T11:09:47,57937e9,pipeline,consistency_flag_precision,0.0,real-test,"2.2, 0 flagged"
2026-08-05T11:26:06,57937e9,pipeline,number_e2e_accuracy,0.7651,real-test,benchmark_composed.py (n=149)
2026-08-05T11:26:06,57937e9,pipeline,number_cer,0.1013,real-test,benchmark_composed.py (n=149)
2026-08-05T11:26:06,57937e9,pipeline,detection_rate,0.9597,real-test,benchmark_composed.py (n=149)
2026-08-05T11:26:06,57937e9,pipeline,composed_exact_match,0.7755,real-test,"measured on 147 frames, 2 unverifiable excluded"
2026-08-05T11:26:07,57937e9,pipeline,province_accuracy,0.9524,real-test,"measured, n=147"
2026-08-05T11:26:07,57937e9,pipeline,false_accept_rate,0.0,real-test,neighbour harness
2026-08-05T11:26:07,57937e9,pipeline,consistency_flag_precision,0.0,real-test,"2.2, 0 flagged"
2026-08-05T11:34:09,57937e9,pipeline,number_e2e_accuracy,0.7651,real-test,benchmark_composed.py (n=149)
2026-08-05T11:34:09,57937e9,pipeline,number_cer,0.1013,real-test,benchmark_composed.py (n=149)
2026-08-05T11:34:09,57937e9,pipeline,detection_rate,0.9597,real-test,benchmark_composed.py (n=149)
2026-08-05T11:34:09,57937e9,pipeline,composed_exact_match,0.7755,real-test,"measured on 147 frames, 2 unverifiable excluded"
2026-08-05T11:34:09,57937e9,pipeline,province_accuracy,0.9524,real-test,"measured, n=147"
2026-08-05T11:34:09,57937e9,pipeline,false_accept_rate,0.0,real-test,neighbour harness
2026-08-05T11:34:09,57937e9,pipeline,consistency_flag_precision,0.0,real-test,"2.2, 0 flagged"
2026-08-07T21:49:53,57937e9,pipeline,number_e2e_accuracy,0.698,real-test,benchmark_composed.py (n=149)
2026-08-07T21:49:53,57937e9,pipeline,number_cer,0.1846,real-test,benchmark_composed.py (n=149)
2026-08-07T21:49:53,57937e9,pipeline,detection_rate,0.8591,real-test,benchmark_composed.py (n=149)
2026-08-07T21:49:53,57937e9,pipeline,composed_exact_match,0.6667,real-test,"measured on 147 frames, 2 unverifiable excluded"
2026-08-07T21:49:53,57937e9,pipeline,province_accuracy,0.7891,real-test,"measured, n=147"
2026-08-07T21:49:53,57937e9,pipeline,false_accept_rate,0.0,real-test,neighbour harness
2026-08-07T21:49:53,57937e9,pipeline,consistency_flag_precision,0.0,real-test,"2.2, 0 flagged"
2026-08-08T14:59:08,57937e9,pipeline,number_e2e_accuracy,0.698,real-test,benchmark_composed.py (n=149)
2026-08-08T14:59:08,57937e9,pipeline,number_cer,0.1846,real-test,benchmark_composed.py (n=149)
2026-08-08T14:59:08,57937e9,pipeline,detection_rate,0.8591,real-test,benchmark_composed.py (n=149)
2026-08-08T14:59:08,57937e9,pipeline,composed_exact_match,0.6667,real-test,"measured on 147 frames, 2 unverifiable excluded"
2026-08-08T14:59:09,57937e9,pipeline,province_accuracy,0.7891,real-test,"measured, n=147"
2026-08-08T14:59:09,57937e9,pipeline,false_accept_rate,0.0,real-test,neighbour harness
2026-08-08T14:59:09,57937e9,pipeline,consistency_flag_precision,0.0,real-test,"2.2, 0 flagged"
2026-08-08T15:02:14,57937e9,pipeline,number_e2e_accuracy,0.7651,real-test,benchmark_composed.py (n=149)
2026-08-08T15:02:14,57937e9,pipeline,number_cer,0.1013,real-test,benchmark_composed.py (n=149)
2026-08-08T15:02:14,57937e9,pipeline,detection_rate,0.9597,real-test,benchmark_composed.py (n=149)
2026-08-08T15:02:14,57937e9,pipeline,composed_exact_match,0.7755,real-test,"measured on 147 frames, 2 unverifiable excluded"
2026-08-08T15:02:14,57937e9,pipeline,province_accuracy,0.9524,real-test,"measured, n=147"
2026-08-08T15:02:14,57937e9,pipeline,false_accept_rate,0.0,real-test,neighbour harness
2026-08-08T15:02:14,57937e9,pipeline,consistency_flag_precision,0.0,real-test,"2.2, 0 flagged"
2026-08-21T23:49:24,4c8d406,crnn_stn,theta_upright_a00,1.0562,real-test,crnn_stn2.pth
2026-08-21T23:49:24,4c8d406,crnn_stn,theta_flipped_a00,1.0594,real-test,crnn_stn2.pth
2026-08-21T23:49:24,4c8d406,crnn_stn,stn_flip_fraction,0.0000,real-test,crnn_stn2.pth
2026-08-21T23:49:24,4c8d406,crnn_stn,stn_verdict,0,real-test,crnn_stn2.pth
2026-08-21T23:50:08,4c8d406,crnn_stn,theta_upright_a00,0.9981,real-test,crnn_stn4.pth
2026-08-21T23:50:08,4c8d406,crnn_stn,theta_flipped_a00,0.9978,real-test,crnn_stn4.pth
2026-08-21T23:50:08,4c8d406,crnn_stn,stn_flip_fraction,0.0000,real-test,crnn_stn4.pth
2026-08-21T23:50:08,4c8d406,crnn_stn,stn_verdict,0,real-test,crnn_stn4.pth
2026-08-21T23:50:26,4c8d406,crnn_stn,theta_upright_a00,1.0912,real-test,crnn_stn5.pth
2026-08-21T23:50:26,4c8d406,crnn_stn,theta_flipped_a00,1.0836,real-test,crnn_stn5.pth
2026-08-21T23:50:26,4c8d406,crnn_stn,stn_flip_fraction,0.0000,real-test,crnn_stn5.pth
2026-08-21T23:50:26,4c8d406,crnn_stn,stn_verdict,0,real-test,crnn_stn5.pth
2026-08-21T23:50:53,4c8d406,crnn,word_accuracy_upright,0.7526,real-test-clean,"crnn_stn2.pth, n=97"
2026-08-21T23:50:53,4c8d406,crnn,word_accuracy_upsidedown,0.4433,real-test-clean,"crnn_stn2.pth, n=97"
2026-08-21T23:50:53,4c8d406,crnn,word_accuracy_upright,0.8654,real-test-leaked,"crnn_stn2.pth, n=52"
2026-08-21T23:50:53,4c8d406,crnn,word_accuracy_upsidedown,0.7500,real-test-leaked,"crnn_stn2.pth, n=52"
2026-08-21T23:50:53,4c8d406,crnn,word_accuracy_upright,0.7919,real-test-all,"crnn_stn2.pth, n=149"
2026-08-21T23:50:53,4c8d406,crnn,word_accuracy_upsidedown,0.5503,real-test-all,"crnn_stn2.pth, n=149"
2026-08-21T23:50:53,4c8d406,dataset,test_leaked_crop_fraction,0.3490,real-test,
2026-08-21T23:51:15,4c8d406,crnn,word_accuracy_upright,0.8041,real-test-clean,"crnn_stn4.pth, n=97"
2026-08-21T23:51:16,4c8d406,crnn,word_accuracy_upsidedown,0.5670,real-test-clean,"crnn_stn4.pth, n=97"
2026-08-21T23:51:16,4c8d406,crnn,word_accuracy_upright,0.9615,real-test-leaked,"crnn_stn4.pth, n=52"
2026-08-21T23:51:16,4c8d406,crnn,word_accuracy_upsidedown,0.9231,real-test-leaked,"crnn_stn4.pth, n=52"
2026-08-21T23:51:16,4c8d406,crnn,word_accuracy_upright,0.8591,real-test-all,"crnn_stn4.pth, n=149"
2026-08-21T23:51:16,4c8d406,crnn,word_accuracy_upsidedown,0.6913,real-test-all,"crnn_stn4.pth, n=149"
2026-08-21T23:51:16,4c8d406,dataset,test_leaked_crop_fraction,0.3490,real-test,
2026-08-21T23:51:39,4c8d406,crnn,word_accuracy_upright,0.8454,real-test-clean,"crnn_stn5.pth, n=97"
2026-08-21T23:51:39,4c8d406,crnn,word_accuracy_upsidedown,0.4845,real-test-clean,"crnn_stn5.pth, n=97"
2026-08-21T23:51:39,4c8d406,crnn,word_accuracy_upright,0.9231,real-test-leaked,"crnn_stn5.pth, n=52"
2026-08-21T23:51:39,4c8d406,crnn,word_accuracy_upsidedown,0.5769,real-test-leaked,"crnn_stn5.pth, n=52"
2026-08-21T23:51:39,4c8d406,crnn,word_accuracy_upright,0.8725,real-test-all,"crnn_stn5.pth, n=149"
2026-08-21T23:51:39,4c8d406,crnn,word_accuracy_upsidedown,0.5168,real-test-all,"crnn_stn5.pth, n=149"
2026-08-21T23:51:39,4c8d406,dataset,test_leaked_crop_fraction,0.3490,real-test,
2026-09-12T16:06:40,1bedca1,dataset,province_test_leaked_crop_fraction,0.1340,province-test,76/567 crops share a source photo with train/val; 0 byte-identical
2026-09-12T16:52:51,07de57c,province_study,test_accuracy,0.9330,province-test,A_resnet18_scratch resnet18 from-scratch seed42 40ep T4 6.1min trainable=11189850
2026-09-12T16:52:51,07de57c,province_study,test_macro_f1,0.9292,province-test,A_resnet18_scratch
2026-09-12T16:52:51,07de57c,province_study,test_accuracy,0.4198,province-test,B_resnet18_frozen resnet18 feature-extraction seed42 40ep T4 5.3min trainable=13338
2026-09-12T16:52:51,07de57c,province_study,test_macro_f1,0.3785,province-test,B_resnet18_frozen
2026-09-12T16:52:51,07de57c,province_study,test_accuracy,0.9400,province-test,C_resnet18_finetune resnet18 fine-tuning seed42 40ep T4 5.9min trainable=11189850
2026-09-12T16:52:51,07de57c,province_study,test_macro_f1,0.9244,province-test,C_resnet18_finetune
2026-09-12T16:52:51,07de57c,province_study,test_accuracy,0.4656,province-test,D_smallcnn_scratch small_cnn from-scratch seed42 40ep T4 5.3min trainable=396058
2026-09-12T16:52:51,07de57c,province_study,test_macro_f1,0.4074,province-test,D_smallcnn_scratch
2026-09-12T17:56:04,2bf18af,province_study,tune_test_accuracy,0.9400,province-test,tune_lr0.0001_wd0 val=0.9263 (selected on val; winner lr1e-3 wd0)
2026-09-12T17:56:04,2bf18af,province_study,tune_test_accuracy,0.9453,province-test,tune_lr0.0001_wd0.0001 val=0.9319 (selected on val; winner lr1e-3 wd0)
2026-09-12T17:56:04,2bf18af,province_study,tune_test_accuracy,0.9700,province-test,tune_lr0.0003_wd0 val=0.9527 (selected on val; winner lr1e-3 wd0)
2026-09-12T17:56:04,2bf18af,province_study,tune_test_accuracy,0.9594,province-test,tune_lr0.0003_wd0.0001 val=0.9490 (selected on val; winner lr1e-3 wd0)
2026-09-12T17:56:04,2bf18af,province_study,tune_test_accuracy,0.9647,province-test,tune_lr0.001_wd0 val=0.9660 (selected on val; winner lr1e-3 wd0)
2026-09-12T17:56:04,2bf18af,province_study,tune_test_accuracy,0.9541,province-test,tune_lr0.001_wd0.0001 val=0.9603 (selected on val; winner lr1e-3 wd0)
